id:ID,name,category,price:float
0,product_0,home,57.17
1,product_1,apparel,335.36
2,product_2,books,128.68
3,product_3,grocery,198.0
4,product_4,electronics,116.07
5,product_5,electronics,146.86
6,product_6,toys,348.4
7,product_7,apparel,77.96
8,product_8,books,30.69
9,product_9,toys,31.21
10,product_10,home,67.91
11,product_11,grocery,323.2
12,product_12,home,43.97
13,product_13,toys,54.9
14,product_14,books,47.98
15,product_15,beauty,47.28
16,product_16,books,89.39
17,product_17,electronics,113.59
18,product_18,beauty,328.47
19,product_19,sports,466.87
20,product_20,toys,439.74
21,product_21,apparel,223.8
22,product_22,books,222.83
23,product_23,beauty,159.39
24,product_24,grocery,79.82
25,product_25,electronics,297.97
26,product_26,toys,281.36
27,product_27,books,421.36
28,product_28,sports,299.16
29,product_29,books,18.17
30,product_30,books,174.06
31,product_31,electronics,337.91
32,product_32,toys,450.45
33,product_33,sports,232.03
34,product_34,electronics,286.91
35,product_35,apparel,145.05
36,product_36,toys,468.28
37,product_37,toys,326.18
38,product_38,books,125.22
39,product_39,apparel,288.46
40,product_40,home,389.77
41,product_41,books,277.74
42,product_42,beauty,231.3
43,product_43,sports,340.24
44,product_44,grocery,309.54
45,product_45,grocery,367.62
46,product_46,apparel,242.14
47,product_47,beauty,396.73
48,product_48,books,320.07
49,product_49,books,345.12
50,product_50,home,320.45
51,product_51,grocery,288.26
52,product_52,sports,65.32
53,product_53,grocery,331.91
54,product_54,toys,77.28
55,product_55,apparel,214.55
56,product_56,electronics,13.86
57,product_57,electronics,385.54
58,product_58,electronics,9.66
59,product_59,sports,22.42
60,product_60,books,118.34
61,product_61,books,109.09
62,product_62,sports,229.29
63,product_63,grocery,115.61
64,product_64,home,186.08
65,product_65,toys,121.19
66,product_66,grocery,136.87
67,product_67,electronics,425.1
68,product_68,toys,365.87
69,product_69,toys,149.91
70,product_70,beauty,473.83
71,product_71,books,85.79
72,product_72,grocery,337.75
73,product_73,home,39.93
74,product_74,toys,133.79
75,product_75,books,424.94
76,product_76,books,191.23
77,product_77,grocery,472.15
78,product_78,books,183.39
79,product_79,home,375.18
80,product_80,books,188.5
81,product_81,grocery,202.72
82,product_82,grocery,124.32
83,product_83,apparel,144.94
84,product_84,books,68.8
85,product_85,books,497.26
86,product_86,toys,419.81
87,product_87,beauty,103.64
88,product_88,electronics,199.62
89,product_89,electronics,306.25
90,product_90,home,185.7
91,product_91,apparel,31.9
92,product_92,toys,99.34
93,product_93,electronics,175.54
94,product_94,apparel,35.73
95,product_95,toys,68.97
96,product_96,grocery,10.49
97,product_97,apparel,165.39
98,product_98,beauty,291.77
99,product_99,books,347.57
100,product_100,home,159.49
101,product_101,sports,38.52
102,product_102,home,82.75
103,product_103,toys,327.34
104,product_104,electronics,312.35
105,product_105,toys,157.01
106,product_106,sports,203.54
107,product_107,grocery,484.16
108,product_108,books,193.5
109,product_109,grocery,108.05
110,product_110,toys,157.84
111,product_111,toys,216.05
112,product_112,grocery,390.2
113,product_113,beauty,284.41
114,product_114,toys,338.31
115,product_115,beauty,498.6
116,product_116,toys,53.35
117,product_117,electronics,122.21
118,product_118,toys,81.13
119,product_119,sports,184.1
120,product_120,home,341.34
121,product_121,apparel,312.7
122,product_122,home,429.97
123,product_123,electronics,386.03
124,product_124,grocery,133.51
125,product_125,sports,307.23
126,product_126,toys,368.49
127,product_127,home,336.96
128,product_128,sports,121.62
129,product_129,apparel,265.97
130,product_130,electronics,371.54
131,product_131,toys,429.44
132,product_132,sports,437.23
133,product_133,beauty,240.53
134,product_134,grocery,218.29
135,product_135,books,338.81
136,product_136,books,44.4
137,product_137,sports,63.04
138,product_138,home,97.43
139,product_139,electronics,186.35
140,product_140,beauty,103.3
141,product_141,beauty,285.64
142,product_142,electronics,499.4
143,product_143,books,479.05
144,product_144,electronics,346.97
145,product_145,electronics,71.94
146,product_146,apparel,128.46
147,product_147,sports,364.41
148,product_148,beauty,86.81
149,product_149,books,52.51
150,product_150,toys,379.74
151,product_151,apparel,400.11
152,product_152,books,368.06
153,product_153,toys,279.98
154,product_154,sports,193.61
155,product_155,beauty,126.39
156,product_156,beauty,246.73
157,product_157,apparel,182.65
158,product_158,books,404.35
159,product_159,apparel,150.03
160,product_160,books,75.81
161,product_161,toys,267.19
162,product_162,home,263.55
163,product_163,grocery,308.94
164,product_164,toys,406.92
165,product_165,grocery,236.6
166,product_166,toys,498.64
167,product_167,sports,492.86
168,product_168,home,71.26
169,product_169,toys,483.57
170,product_170,beauty,466.05
171,product_171,beauty,261.06
172,product_172,toys,210.65
173,product_173,home,253.1
174,product_174,toys,212.34
175,product_175,toys,121.99
176,product_176,grocery,476.12
177,product_177,beauty,344.55
178,product_178,books,414.84
179,product_179,electronics,401.59
180,product_180,beauty,23.96
181,product_181,toys,262.46
182,product_182,sports,342.93
183,product_183,beauty,277.96
184,product_184,electronics,297.34
185,product_185,beauty,258.08
186,product_186,sports,422.73
187,product_187,toys,397.73
188,product_188,home,484.63
189,product_189,grocery,382.39
190,product_190,toys,53.52
191,product_191,sports,11.82
192,product_192,electronics,348.4
193,product_193,electronics,384.37
194,product_194,apparel,273.48
195,product_195,toys,159.02
196,product_196,toys,7.37
197,product_197,electronics,283.61
198,product_198,toys,375.32
199,product_199,toys,483.87
200,product_200,apparel,75.38
201,product_201,books,7.21
202,product_202,electronics,345.03
203,product_203,electronics,197.82
204,product_204,sports,94.69
205,product_205,apparel,270.17
206,product_206,sports,96.59
207,product_207,toys,92.63
208,product_208,home,162.55
209,product_209,books,303.71
210,product_210,electronics,382.33
211,product_211,sports,134.38
212,product_212,sports,277.14
213,product_213,books,85.47
214,product_214,toys,487.62
215,product_215,books,31.33
216,product_216,books,200.62
217,product_217,beauty,275.12
218,product_218,beauty,286.48
219,product_219,toys,269.8
220,product_220,grocery,470.03
221,product_221,beauty,17.04
222,product_222,beauty,97.59
223,product_223,books,173.6
224,product_224,apparel,84.68
225,product_225,books,99.62
226,product_226,toys,11.86
227,product_227,home,476.51
228,product_228,grocery,69.72
229,product_229,grocery,137.49
230,product_230,toys,443.23
231,product_231,sports,92.98
232,product_232,electronics,67.64
233,product_233,home,123.84
234,product_234,apparel,6.75
235,product_235,electronics,61.6
236,product_236,grocery,476.81
237,product_237,electronics,167.93
238,product_238,apparel,256.67
239,product_239,electronics,59.47
240,product_240,beauty,429.64
241,product_241,toys,329.18
242,product_242,grocery,409.23
243,product_243,toys,446.79
244,product_244,apparel,30.52
245,product_245,sports,457.9
246,product_246,home,329.82
247,product_247,apparel,467.54
248,product_248,electronics,329.19
249,product_249,electronics,25.32
250,product_250,home,47.39
251,product_251,toys,286.82
252,product_252,sports,360.48
253,product_253,grocery,398.43
254,product_254,toys,186.84
255,product_255,toys,157.11
256,product_256,books,278.86
257,product_257,home,475.86
258,product_258,beauty,117.06
259,product_259,apparel,184.91
260,product_260,toys,49.72
261,product_261,apparel,371.31
262,product_262,apparel,349.21
263,product_263,electronics,419.83
264,product_264,home,456.19
265,product_265,apparel,182.72
266,product_266,grocery,431.25
267,product_267,electronics,386.77
268,product_268,electronics,137.56
269,product_269,apparel,346.2
270,product_270,books,322.36
271,product_271,toys,38.29
272,product_272,apparel,348.0
273,product_273,home,323.06
274,product_274,toys,37.71
275,product_275,home,34.92
276,product_276,books,82.29
277,product_277,grocery,263.34
278,product_278,home,445.94
279,product_279,apparel,445.19
280,product_280,apparel,249.05
281,product_281,beauty,124.71
282,product_282,grocery,413.62
283,product_283,apparel,263.75
284,product_284,beauty,274.91
285,product_285,books,499.73
286,product_286,books,29.98
287,product_287,electronics,83.05
288,product_288,beauty,470.72
289,product_289,apparel,391.11
290,product_290,toys,6.55
291,product_291,apparel,77.91
292,product_292,sports,496.84
293,product_293,home,237.44
294,product_294,apparel,10.47
295,product_295,toys,144.83
296,product_296,grocery,426.78
297,product_297,sports,84.28
298,product_298,books,117.84
299,product_299,electronics,55.43
300,product_300,grocery,217.21
301,product_301,home,469.74
302,product_302,electronics,437.75
303,product_303,electronics,62.09
304,product_304,apparel,254.87
305,product_305,books,348.22
306,product_306,books,26.57
307,product_307,sports,268.96
308,product_308,beauty,201.89
309,product_309,books,285.61
310,product_310,beauty,316.42
311,product_311,toys,207.74
312,product_312,sports,19.12
313,product_313,grocery,167.8
314,product_314,books,216.31
315,product_315,grocery,260.41
316,product_316,toys,203.77
317,product_317,sports,112.83
318,product_318,toys,40.26
319,product_319,toys,53.39
320,product_320,grocery,111.72
321,product_321,electronics,489.99
322,product_322,apparel,257.5
323,product_323,grocery,208.53
324,product_324,sports,337.53
325,product_325,sports,324.14
326,product_326,apparel,402.34
327,product_327,grocery,371.68
328,product_328,beauty,5.77
329,product_329,books,107.32
330,product_330,electronics,96.07
331,product_331,home,416.41
332,product_332,electronics,393.67
333,product_333,grocery,43.14
334,product_334,apparel,106.42
335,product_335,electronics,425.83
336,product_336,apparel,416.01
337,product_337,books,190.5
338,product_338,toys,201.13
339,product_339,sports,25.66
340,product_340,electronics,14.54
341,product_341,apparel,196.31
342,product_342,sports,192.15
343,product_343,grocery,53.22
344,product_344,grocery,16.34
345,product_345,grocery,95.75
346,product_346,beauty,51.29
347,product_347,sports,198.31
348,product_348,books,490.15
349,product_349,beauty,360.43
350,product_350,books,294.4
351,product_351,beauty,195.51
352,product_352,books,64.98
353,product_353,apparel,433.05
354,product_354,grocery,108.62
355,product_355,sports,484.19
356,product_356,apparel,252.91
357,product_357,books,385.07
358,product_358,apparel,68.43
359,product_359,sports,97.21
360,product_360,electronics,389.16
361,product_361,books,324.94
362,product_362,beauty,140.92
363,product_363,beauty,343.2
364,product_364,toys,281.69
365,product_365,home,166.02
366,product_366,beauty,460.2
367,product_367,toys,356.45
368,product_368,apparel,10.19
369,product_369,grocery,240.82
370,product_370,electronics,256.27
371,product_371,sports,395.01
372,product_372,grocery,263.11
373,product_373,home,314.78
374,product_374,grocery,432.75
375,product_375,beauty,356.18
376,product_376,home,448.6
377,product_377,beauty,403.89
378,product_378,apparel,294.44
379,product_379,books,475.67
380,product_380,electronics,252.24
381,product_381,grocery,336.61
382,product_382,beauty,185.07
383,product_383,electronics,47.58
384,product_384,home,265.03
385,product_385,grocery,181.05
386,product_386,toys,35.21
387,product_387,home,147.33
388,product_388,toys,471.33
389,product_389,books,312.94
390,product_390,electronics,307.78
391,product_391,grocery,30.18
392,product_392,toys,465.69
393,product_393,home,6.14
394,product_394,sports,329.98
395,product_395,beauty,324.45
396,product_396,electronics,351.37
397,product_397,books,454.42
398,product_398,grocery,471.37
399,product_399,toys,269.69
400,product_400,grocery,351.8
401,product_401,apparel,215.5
402,product_402,grocery,409.32
403,product_403,apparel,206.12
404,product_404,beauty,482.04
405,product_405,sports,175.23
406,product_406,sports,246.0
407,product_407,home,82.05
408,product_408,beauty,439.71
409,product_409,electronics,432.83
410,product_410,apparel,157.03
411,product_411,sports,259.92
412,product_412,apparel,251.87
413,product_413,apparel,423.6
414,product_414,sports,310.54
415,product_415,beauty,110.18
416,product_416,home,216.98
417,product_417,home,389.84
418,product_418,toys,205.69
419,product_419,beauty,309.41
420,product_420,apparel,119.62
421,product_421,home,240.83
422,product_422,books,49.81
423,product_423,beauty,233.69
424,product_424,grocery,34.55
425,product_425,sports,24.44
426,product_426,grocery,383.04
427,product_427,apparel,495.38
428,product_428,home,105.12
429,product_429,toys,297.67
430,product_430,toys,224.78
431,product_431,toys,228.78
432,product_432,grocery,449.99
433,product_433,apparel,460.78
434,product_434,books,51.4
435,product_435,grocery,148.85
436,product_436,beauty,45.65
437,product_437,grocery,406.16
438,product_438,electronics,183.54
439,product_439,sports,256.0
440,product_440,home,209.03
441,product_441,apparel,153.84
442,product_442,books,72.09
443,product_443,sports,73.15
444,product_444,beauty,203.9
445,product_445,sports,170.18
446,product_446,grocery,350.74
447,product_447,books,162.49
448,product_448,toys,309.47
449,product_449,sports,226.5
450,product_450,apparel,32.75
451,product_451,grocery,315.92
452,product_452,apparel,147.49
453,product_453,electronics,112.05
454,product_454,apparel,411.67
455,product_455,beauty,190.68
456,product_456,apparel,250.64
457,product_457,sports,342.05
458,product_458,electronics,358.16
459,product_459,sports,35.58
460,product_460,grocery,219.02
461,product_461,home,198.57
462,product_462,sports,417.36
463,product_463,books,8.9
464,product_464,grocery,91.08
465,product_465,apparel,235.68
466,product_466,books,415.49
467,product_467,apparel,110.38
468,product_468,books,467.29
469,product_469,books,262.86
470,product_470,books,406.81
471,product_471,home,58.72
472,product_472,sports,152.08
473,product_473,toys,30.58
474,product_474,apparel,108.85
475,product_475,books,226.44
476,product_476,electronics,239.6
477,product_477,sports,208.65
478,product_478,beauty,422.9
479,product_479,apparel,141.57
480,product_480,sports,234.36
481,product_481,apparel,18.34
482,product_482,apparel,436.92
483,product_483,sports,132.67
484,product_484,sports,176.42
485,product_485,books,57.31
486,product_486,sports,383.03
487,product_487,beauty,451.23
488,product_488,toys,148.37
489,product_489,home,197.8
490,product_490,electronics,212.97
491,product_491,toys,461.28
492,product_492,sports,180.47
493,product_493,sports,461.2
494,product_494,grocery,205.27
495,product_495,beauty,496.96
496,product_496,grocery,478.75
497,product_497,books,498.39
498,product_498,electronics,338.47
499,product_499,sports,328.78
500,product_500,grocery,150.99
501,product_501,electronics,99.21
502,product_502,apparel,390.46
503,product_503,books,418.14
504,product_504,toys,393.85
505,product_505,sports,291.87
506,product_506,electronics,140.52
507,product_507,sports,303.56
508,product_508,books,336.42
509,product_509,books,300.0
510,product_510,books,475.22
511,product_511,beauty,146.12
512,product_512,books,256.58
513,product_513,toys,298.27
514,product_514,sports,162.9
515,product_515,beauty,274.81
516,product_516,electronics,110.77
517,product_517,beauty,266.93
518,product_518,electronics,356.52
519,product_519,apparel,59.67
520,product_520,grocery,463.02
521,product_521,grocery,486.94
522,product_522,beauty,214.84
523,product_523,home,277.73
524,product_524,books,5.29
525,product_525,grocery,430.27
526,product_526,home,78.36
527,product_527,toys,59.58
528,product_528,grocery,136.62
529,product_529,books,202.47
530,product_530,beauty,59.3
531,product_531,beauty,249.44
532,product_532,beauty,436.93
533,product_533,apparel,244.13
534,product_534,grocery,272.85
535,product_535,books,122.02
536,product_536,grocery,87.16
537,product_537,apparel,239.31
538,product_538,grocery,128.84
539,product_539,toys,362.1
540,product_540,beauty,495.54
541,product_541,sports,253.93
542,product_542,sports,210.05
543,product_543,home,498.38
544,product_544,home,183.86
545,product_545,toys,462.32
546,product_546,electronics,64.47
547,product_547,apparel,466.43
548,product_548,apparel,87.72
549,product_549,toys,167.85
550,product_550,home,176.72
551,product_551,apparel,488.04
552,product_552,home,8.52
553,product_553,electronics,118.54
554,product_554,electronics,21.6
555,product_555,grocery,173.8
556,product_556,grocery,267.65
557,product_557,toys,202.33
558,product_558,apparel,64.11
559,product_559,beauty,346.85
560,product_560,apparel,181.34
561,product_561,apparel,29.02
562,product_562,beauty,247.1
563,product_563,sports,30.55
564,product_564,beauty,205.26
565,product_565,electronics,164.99
566,product_566,beauty,58.05
567,product_567,sports,404.41
568,product_568,electronics,151.57
569,product_569,toys,374.6
570,product_570,sports,5.9
571,product_571,toys,202.97
572,product_572,home,469.12
573,product_573,beauty,201.1
574,product_574,apparel,115.95
575,product_575,beauty,293.4
576,product_576,apparel,54.02
577,product_577,grocery,486.74
578,product_578,home,184.45
579,product_579,home,250.18
580,product_580,apparel,386.14
581,product_581,toys,53.35
582,product_582,toys,312.98
583,product_583,books,416.06
584,product_584,apparel,140.37
585,product_585,toys,200.67
586,product_586,apparel,158.31
587,product_587,grocery,266.17
588,product_588,home,475.21
589,product_589,beauty,77.95
590,product_590,apparel,190.54
591,product_591,apparel,109.57
592,product_592,grocery,283.93
593,product_593,electronics,300.37
594,product_594,beauty,166.01
595,product_595,home,116.17
596,product_596,beauty,322.93
597,product_597,electronics,176.2
598,product_598,grocery,459.93
599,product_599,books,134.78
600,product_600,books,440.6
601,product_601,books,10.47
602,product_602,electronics,193.77
603,product_603,books,302.27
604,product_604,grocery,180.04
605,product_605,grocery,478.56
606,product_606,toys,113.71
607,product_607,sports,275.52
608,product_608,apparel,450.61
609,product_609,home,177.26
610,product_610,sports,160.36
611,product_611,grocery,163.32
612,product_612,books,342.83
613,product_613,toys,103.83
614,product_614,books,460.37
615,product_615,toys,427.62
616,product_616,toys,236.99
617,product_617,electronics,103.36
618,product_618,home,215.56
619,product_619,apparel,76.73
620,product_620,beauty,397.48
621,product_621,apparel,128.76
622,product_622,beauty,144.41
623,product_623,electronics,285.33
624,product_624,apparel,90.95
625,product_625,electronics,370.46
626,product_626,electronics,19.4
627,product_627,grocery,55.29
628,product_628,books,270.1
629,product_629,grocery,394.11
630,product_630,toys,208.94
631,product_631,apparel,61.51
632,product_632,grocery,377.81
633,product_633,apparel,254.35
634,product_634,beauty,186.91
635,product_635,books,412.51
636,product_636,apparel,174.11
637,product_637,grocery,407.0
638,product_638,beauty,393.23
639,product_639,home,298.96
640,product_640,toys,250.87
641,product_641,apparel,401.08
642,product_642,electronics,22.72
643,product_643,toys,137.48
644,product_644,books,31.9
645,product_645,toys,217.14
646,product_646,toys,24.73
647,product_647,toys,265.82
648,product_648,apparel,474.97
649,product_649,home,113.5
650,product_650,grocery,373.67
651,product_651,home,22.0
652,product_652,beauty,207.87
653,product_653,electronics,57.63
654,product_654,toys,331.91
655,product_655,books,234.87
656,product_656,electronics,393.77
657,product_657,sports,306.23
658,product_658,beauty,149.86
659,product_659,beauty,278.78
660,product_660,sports,287.7
661,product_661,home,52.46
662,product_662,sports,386.66
663,product_663,books,448.24
664,product_664,toys,201.29
665,product_665,sports,494.18
666,product_666,books,284.0
667,product_667,grocery,166.39
668,product_668,books,494.63
669,product_669,home,294.79
670,product_670,toys,95.93
671,product_671,toys,116.44
672,product_672,sports,154.32
673,product_673,beauty,65.23
674,product_674,sports,95.38
675,product_675,sports,108.14
676,product_676,apparel,107.55
677,product_677,apparel,95.1
678,product_678,toys,418.82
679,product_679,beauty,104.53
680,product_680,sports,70.06
681,product_681,electronics,287.11
682,product_682,toys,56.07
683,product_683,electronics,115.95
684,product_684,toys,221.7
685,product_685,grocery,427.43
686,product_686,beauty,37.27
687,product_687,grocery,216.81
688,product_688,grocery,310.49
689,product_689,sports,66.01
690,product_690,sports,67.78
691,product_691,home,119.94
692,product_692,toys,162.27
693,product_693,electronics,371.81
694,product_694,home,26.95
695,product_695,sports,459.95
696,product_696,apparel,152.66
697,product_697,beauty,8.13
698,product_698,sports,89.03
699,product_699,beauty,28.14
700,product_700,electronics,192.7
701,product_701,toys,442.43
702,product_702,beauty,79.03
703,product_703,home,476.96
704,product_704,home,40.89
705,product_705,beauty,34.02
706,product_706,toys,210.75
707,product_707,home,477.78
708,product_708,grocery,168.71
709,product_709,home,287.74
710,product_710,apparel,460.36
711,product_711,home,292.65
712,product_712,books,131.25
713,product_713,sports,137.6
714,product_714,sports,221.61
715,product_715,toys,217.62
716,product_716,grocery,76.21
717,product_717,home,105.95
718,product_718,sports,295.24
719,product_719,toys,191.45
720,product_720,grocery,480.78
721,product_721,sports,93.68
722,product_722,electronics,277.65
723,product_723,home,120.26
724,product_724,beauty,26.37
725,product_725,home,494.53
726,product_726,books,460.02
727,product_727,grocery,244.74
728,product_728,home,364.56
729,product_729,books,258.32
730,product_730,books,283.1
731,product_731,electronics,180.98
732,product_732,apparel,362.41
733,product_733,books,265.23
734,product_734,grocery,485.78
735,product_735,electronics,69.1
736,product_736,books,92.9
737,product_737,grocery,318.73
738,product_738,books,416.31
739,product_739,beauty,352.69
740,product_740,beauty,442.09
741,product_741,sports,267.5
742,product_742,home,287.76
743,product_743,apparel,339.81
744,product_744,grocery,429.07
745,product_745,books,111.56
746,product_746,beauty,196.26
747,product_747,apparel,129.14
748,product_748,home,461.01
749,product_749,books,103.89
750,product_750,grocery,472.15
751,product_751,sports,15.2
752,product_752,toys,196.62
753,product_753,books,154.6
754,product_754,home,134.15
755,product_755,sports,249.42
756,product_756,electronics,188.88
757,product_757,toys,47.9
758,product_758,sports,51.77
759,product_759,sports,457.7
760,product_760,apparel,97.85
761,product_761,home,317.26
762,product_762,apparel,158.35
763,product_763,toys,162.94
764,product_764,home,217.14
765,product_765,beauty,141.51
766,product_766,books,164.74
767,product_767,apparel,482.57
768,product_768,apparel,44.15
769,product_769,apparel,376.4
770,product_770,electronics,201.82
771,product_771,apparel,192.46
772,product_772,grocery,238.38
773,product_773,grocery,368.78
774,product_774,grocery,401.18
775,product_775,apparel,417.22
776,product_776,apparel,418.57
777,product_777,grocery,91.46
778,product_778,toys,213.74
779,product_779,sports,401.72
780,product_780,home,127.22
781,product_781,beauty,122.3
782,product_782,apparel,427.05
783,product_783,home,89.71
784,product_784,beauty,160.73
785,product_785,grocery,127.63
786,product_786,electronics,294.95
787,product_787,sports,490.78
788,product_788,apparel,318.65
789,product_789,home,9.59
790,product_790,home,412.82
791,product_791,grocery,108.82
792,product_792,books,141.69
793,product_793,electronics,330.96
794,product_794,books,302.39
795,product_795,grocery,297.97
796,product_796,apparel,471.83
797,product_797,sports,173.3
798,product_798,beauty,285.1
799,product_799,toys,378.21
800,product_800,apparel,363.45
801,product_801,books,138.84
802,product_802,sports,130.69
803,product_803,sports,499.08
804,product_804,books,279.41
805,product_805,electronics,128.42
806,product_806,beauty,200.07
807,product_807,sports,213.94
808,product_808,books,169.77
809,product_809,toys,155.62
810,product_810,books,357.16
811,product_811,electronics,52.21
812,product_812,sports,186.17
813,product_813,sports,426.74
814,product_814,sports,215.62
815,product_815,books,413.92
816,product_816,beauty,41.13
817,product_817,electronics,226.69
818,product_818,books,235.7
819,product_819,toys,315.16
820,product_820,apparel,10.62
821,product_821,electronics,8.77
822,product_822,grocery,227.0
823,product_823,toys,280.98
824,product_824,electronics,444.08
825,product_825,apparel,316.97
826,product_826,grocery,109.32
827,product_827,grocery,476.66
828,product_828,electronics,315.6
829,product_829,beauty,424.18
830,product_830,sports,267.03
831,product_831,toys,202.03
832,product_832,home,193.05
833,product_833,electronics,11.15
834,product_834,electronics,22.12
835,product_835,apparel,185.14
836,product_836,books,471.38
837,product_837,books,113.37
838,product_838,home,393.36
839,product_839,grocery,306.75
840,product_840,sports,13.49
841,product_841,apparel,68.06
842,product_842,grocery,420.28
843,product_843,toys,54.32
844,product_844,sports,297.34
845,product_845,toys,8.8
846,product_846,toys,156.32
847,product_847,beauty,78.38
848,product_848,grocery,417.96
849,product_849,apparel,299.01
850,product_850,electronics,156.92
851,product_851,books,147.65
852,product_852,sports,446.18
853,product_853,beauty,341.9
854,product_854,home,318.37
855,product_855,grocery,231.79
856,product_856,home,13.12
857,product_857,apparel,90.95
858,product_858,books,454.32
859,product_859,electronics,413.45
860,product_860,beauty,475.89
861,product_861,apparel,109.06
862,product_862,apparel,328.06
863,product_863,apparel,294.59
864,product_864,home,155.2
865,product_865,beauty,427.64
866,product_866,toys,246.97
867,product_867,books,113.45
868,product_868,books,96.73
869,product_869,books,405.73
870,product_870,toys,107.67
871,product_871,toys,179.24
872,product_872,grocery,464.51
873,product_873,beauty,318.42
874,product_874,books,134.6
875,product_875,apparel,125.97
876,product_876,toys,21.53
877,product_877,apparel,491.45
878,product_878,toys,81.44
879,product_879,electronics,52.9
880,product_880,grocery,176.99
881,product_881,electronics,237.84
882,product_882,grocery,34.22
883,product_883,sports,81.91
884,product_884,books,486.23
885,product_885,grocery,327.82
886,product_886,home,295.84
887,product_887,beauty,257.84
888,product_888,home,141.29
889,product_889,beauty,427.89
890,product_890,toys,247.24
891,product_891,sports,143.59
892,product_892,electronics,29.67
893,product_893,electronics,317.04
894,product_894,apparel,439.51
895,product_895,grocery,72.52
896,product_896,home,217.82
897,product_897,apparel,78.54
898,product_898,sports,44.23
899,product_899,books,421.2
900,product_900,sports,489.09
901,product_901,books,154.23
902,product_902,home,497.77
903,product_903,toys,465.22
904,product_904,sports,447.49
905,product_905,beauty,121.19
906,product_906,books,440.76
907,product_907,toys,303.83
908,product_908,home,6.18
909,product_909,beauty,154.15
910,product_910,toys,137.49
911,product_911,grocery,27.34
912,product_912,books,226.59
913,product_913,home,461.06
914,product_914,books,146.63
915,product_915,beauty,379.21
916,product_916,electronics,26.21
917,product_917,books,406.89
918,product_918,apparel,169.02
919,product_919,home,63.59
920,product_920,home,192.66
921,product_921,grocery,364.63
922,product_922,home,230.46
923,product_923,electronics,32.55
924,product_924,grocery,240.94
925,product_925,grocery,83.43
926,product_926,books,232.19
927,product_927,sports,87.77
928,product_928,sports,73.59
929,product_929,sports,133.88
930,product_930,grocery,292.09
931,product_931,toys,234.69
932,product_932,grocery,265.8
933,product_933,apparel,43.06
934,product_934,beauty,128.52
935,product_935,sports,442.81
936,product_936,sports,150.17
937,product_937,beauty,427.95
938,product_938,apparel,489.33
939,product_939,beauty,107.26
940,product_940,books,483.74
941,product_941,grocery,48.03
942,product_942,apparel,75.83
943,product_943,sports,32.65
944,product_944,apparel,268.55
945,product_945,sports,103.01
946,product_946,home,384.94
947,product_947,grocery,280.05
948,product_948,grocery,461.26
949,product_949,home,224.97
950,product_950,toys,134.41
951,product_951,apparel,201.5
952,product_952,apparel,142.0
953,product_953,books,420.44
954,product_954,electronics,275.05
955,product_955,toys,122.56
956,product_956,electronics,273.84
957,product_957,grocery,316.72
958,product_958,books,389.99
959,product_959,grocery,248.33
960,product_960,apparel,135.88
961,product_961,toys,480.76
962,product_962,beauty,201.54
963,product_963,sports,457.12
964,product_964,toys,445.95
965,product_965,electronics,464.49
966,product_966,toys,43.35
967,product_967,toys,283.67
968,product_968,electronics,465.56
969,product_969,electronics,268.19
970,product_970,sports,371.08
971,product_971,electronics,166.34
972,product_972,sports,93.77
973,product_973,home,107.74
974,product_974,electronics,409.57
975,product_975,books,282.83
976,product_976,electronics,458.55
977,product_977,books,411.97
978,product_978,toys,328.9
979,product_979,books,412.82
980,product_980,apparel,108.47
981,product_981,home,208.87
982,product_982,toys,182.15
983,product_983,beauty,82.37
984,product_984,grocery,392.84
985,product_985,home,131.96
986,product_986,toys,335.49
987,product_987,electronics,471.97
988,product_988,sports,313.67
989,product_989,books,247.7
990,product_990,books,397.5
991,product_991,sports,67.35
992,product_992,sports,247.08
993,product_993,toys,109.44
994,product_994,apparel,366.42
995,product_995,electronics,335.85
996,product_996,sports,424.88
997,product_997,sports,440.05
998,product_998,books,275.95
999,product_999,home,485.15
1000,product_1000,grocery,464.46
1001,product_1001,books,150.98
1002,product_1002,electronics,364.5
1003,product_1003,electronics,431.25
1004,product_1004,sports,17.17
1005,product_1005,grocery,214.53
1006,product_1006,grocery,490.43
1007,product_1007,beauty,277.82
1008,product_1008,electronics,24.78
1009,product_1009,books,177.07
1010,product_1010,home,96.66
1011,product_1011,books,176.95
1012,product_1012,grocery,39.28
1013,product_1013,electronics,323.47
1014,product_1014,beauty,62.72
1015,product_1015,electronics,180.24
1016,product_1016,toys,288.09
1017,product_1017,grocery,494.27
1018,product_1018,sports,260.24
1019,product_1019,home,494.86
1020,product_1020,home,467.56
1021,product_1021,apparel,358.54
1022,product_1022,grocery,441.56
1023,product_1023,beauty,487.89
1024,product_1024,books,437.66
1025,product_1025,sports,74.83
1026,product_1026,toys,176.82
1027,product_1027,apparel,360.3
1028,product_1028,sports,19.59
1029,product_1029,sports,294.59
1030,product_1030,toys,241.85
1031,product_1031,grocery,50.05
1032,product_1032,electronics,199.91
1033,product_1033,apparel,484.3
1034,product_1034,beauty,67.98
1035,product_1035,toys,314.97
1036,product_1036,beauty,40.71
1037,product_1037,toys,217.94
1038,product_1038,electronics,54.78
1039,product_1039,toys,454.18
1040,product_1040,sports,103.45
1041,product_1041,books,188.91
1042,product_1042,beauty,181.53
1043,product_1043,beauty,452.18
1044,product_1044,home,332.72
1045,product_1045,books,354.84
1046,product_1046,beauty,161.92
1047,product_1047,sports,305.84
1048,product_1048,electronics,348.05
1049,product_1049,books,76.4
1050,product_1050,grocery,46.82
1051,product_1051,grocery,392.74
1052,product_1052,electronics,331.33
1053,product_1053,books,18.11
1054,product_1054,books,177.72
1055,product_1055,sports,134.96
1056,product_1056,grocery,69.02
1057,product_1057,grocery,190.89
1058,product_1058,books,132.06
1059,product_1059,toys,149.88
1060,product_1060,beauty,288.63
1061,product_1061,sports,198.5
1062,product_1062,electronics,429.82
1063,product_1063,sports,66.51
1064,product_1064,sports,218.37
1065,product_1065,grocery,276.03
1066,product_1066,electronics,475.41
1067,product_1067,books,97.14
1068,product_1068,sports,216.55
1069,product_1069,toys,49.34
1070,product_1070,beauty,475.99
1071,product_1071,beauty,363.99
1072,product_1072,grocery,496.55
1073,product_1073,toys,118.94
1074,product_1074,beauty,26.04
1075,product_1075,books,69.06
1076,product_1076,sports,468.51
1077,product_1077,beauty,240.82
1078,product_1078,sports,415.34
1079,product_1079,toys,75.01
1080,product_1080,beauty,303.34
1081,product_1081,sports,435.15
1082,product_1082,toys,73.1
1083,product_1083,home,60.95
1084,product_1084,apparel,380.19
1085,product_1085,apparel,105.13
1086,product_1086,grocery,238.73
1087,product_1087,beauty,475.97
1088,product_1088,beauty,359.05
1089,product_1089,electronics,492.98
1090,product_1090,grocery,322.89
1091,product_1091,books,449.69
1092,product_1092,sports,166.29
1093,product_1093,toys,390.61
1094,product_1094,grocery,181.24
1095,product_1095,grocery,200.37
1096,product_1096,toys,332.84
1097,product_1097,electronics,248.35
1098,product_1098,toys,352.57
1099,product_1099,books,93.34
1100,product_1100,home,287.02
1101,product_1101,books,59.58
1102,product_1102,home,237.69
1103,product_1103,toys,113.12
1104,product_1104,books,442.63
1105,product_1105,sports,328.94
1106,product_1106,sports,79.15
1107,product_1107,apparel,226.88
1108,product_1108,toys,310.53
1109,product_1109,electronics,305.89
1110,product_1110,electronics,495.44
1111,product_1111,toys,45.22
1112,product_1112,electronics,407.6
1113,product_1113,books,350.24
1114,product_1114,sports,53.46
1115,product_1115,electronics,230.38
1116,product_1116,electronics,38.08
1117,product_1117,books,227.38
1118,product_1118,beauty,394.82
1119,product_1119,books,184.02
1120,product_1120,sports,411.29
1121,product_1121,toys,321.98
1122,product_1122,apparel,128.63
1123,product_1123,books,84.05
1124,product_1124,apparel,100.76
1125,product_1125,apparel,306.7
1126,product_1126,electronics,326.21
1127,product_1127,sports,121.84
1128,product_1128,home,497.88
1129,product_1129,beauty,329.94
1130,product_1130,toys,14.14
1131,product_1131,apparel,118.92
1132,product_1132,sports,131.54
1133,product_1133,apparel,227.44
1134,product_1134,books,461.58
1135,product_1135,electronics,354.58
1136,product_1136,grocery,92.9
1137,product_1137,toys,53.4
1138,product_1138,home,246.33
1139,product_1139,toys,466.93
1140,product_1140,grocery,222.21
1141,product_1141,apparel,131.27
1142,product_1142,sports,19.47
1143,product_1143,sports,315.95
1144,product_1144,home,74.92
1145,product_1145,apparel,111.28
1146,product_1146,toys,343.18
1147,product_1147,electronics,113.48
1148,product_1148,toys,192.5
1149,product_1149,beauty,19.69
1150,product_1150,home,47.68
1151,product_1151,grocery,341.0
1152,product_1152,sports,334.37
1153,product_1153,toys,229.48
1154,product_1154,electronics,90.31
1155,product_1155,beauty,154.67
1156,product_1156,apparel,75.9
1157,product_1157,beauty,262.3
1158,product_1158,electronics,237.04
1159,product_1159,books,243.29
1160,product_1160,grocery,21.06
1161,product_1161,electronics,87.02
1162,product_1162,electronics,263.75
1163,product_1163,home,303.25
1164,product_1164,sports,110.01
1165,product_1165,books,217.49
1166,product_1166,toys,365.11
1167,product_1167,grocery,306.22
1168,product_1168,toys,300.27
1169,product_1169,apparel,139.56
1170,product_1170,books,317.49
1171,product_1171,sports,276.29
1172,product_1172,home,278.3
1173,product_1173,electronics,232.8
1174,product_1174,apparel,473.09
1175,product_1175,home,104.91
1176,product_1176,toys,316.29
1177,product_1177,grocery,227.63
1178,product_1178,electronics,46.1
1179,product_1179,home,152.23
1180,product_1180,toys,92.4
1181,product_1181,toys,401.11
1182,product_1182,grocery,202.05
1183,product_1183,grocery,468.62
1184,product_1184,grocery,387.69
1185,product_1185,toys,477.58
1186,product_1186,sports,365.51
1187,product_1187,electronics,225.41
1188,product_1188,toys,218.14
1189,product_1189,books,65.72
1190,product_1190,apparel,267.03
1191,product_1191,beauty,366.11
1192,product_1192,sports,87.6
1193,product_1193,grocery,435.66
1194,product_1194,toys,337.14
1195,product_1195,sports,99.01
1196,product_1196,books,180.21
1197,product_1197,toys,413.56
1198,product_1198,toys,292.66
1199,product_1199,apparel,30.63
1200,product_1200,apparel,476.92
1201,product_1201,sports,51.22
1202,product_1202,books,6.28
1203,product_1203,grocery,458.42
1204,product_1204,toys,360.1
1205,product_1205,apparel,184.3
1206,product_1206,sports,275.24
1207,product_1207,apparel,445.25
1208,product_1208,grocery,88.46
1209,product_1209,toys,133.07
1210,product_1210,apparel,462.4
1211,product_1211,beauty,354.1
1212,product_1212,grocery,377.56
1213,product_1213,sports,450.36
1214,product_1214,toys,392.15
1215,product_1215,toys,173.01
1216,product_1216,electronics,206.05
1217,product_1217,electronics,98.33
1218,product_1218,books,235.35
1219,product_1219,electronics,448.13
1220,product_1220,home,367.63
1221,product_1221,apparel,168.53
1222,product_1222,sports,216.52
1223,product_1223,beauty,229.16
1224,product_1224,electronics,8.11
1225,product_1225,home,51.64
1226,product_1226,home,283.24
1227,product_1227,toys,418.47
1228,product_1228,home,229.29
1229,product_1229,beauty,174.13
1230,product_1230,home,313.96
1231,product_1231,apparel,316.21
1232,product_1232,grocery,399.58
1233,product_1233,toys,116.53
1234,product_1234,toys,149.45
1235,product_1235,grocery,406.24
1236,product_1236,grocery,467.67
1237,product_1237,sports,70.67
1238,product_1238,electronics,199.42
1239,product_1239,sports,69.21
1240,product_1240,beauty,498.19
1241,product_1241,toys,401.28
1242,product_1242,electronics,298.37
1243,product_1243,sports,463.99
1244,product_1244,grocery,198.53
1245,product_1245,home,209.67
1246,product_1246,toys,319.14
1247,product_1247,apparel,176.54
1248,product_1248,toys,449.15
1249,product_1249,sports,296.94
1250,product_1250,electronics,170.7
1251,product_1251,sports,56.14
1252,product_1252,apparel,286.53
1253,product_1253,electronics,401.33
1254,product_1254,beauty,356.76
1255,product_1255,toys,219.96
1256,product_1256,toys,254.68
1257,product_1257,grocery,307.47
1258,product_1258,sports,158.95
1259,product_1259,electronics,249.13
1260,product_1260,books,111.36
1261,product_1261,sports,223.57
1262,product_1262,sports,223.98
1263,product_1263,home,136.3
1264,product_1264,apparel,400.98
1265,product_1265,electronics,22.36
1266,product_1266,apparel,437.7
1267,product_1267,toys,426.51
1268,product_1268,grocery,196.89
1269,product_1269,toys,473.26
1270,product_1270,books,172.25
1271,product_1271,grocery,453.77
1272,product_1272,toys,365.37
1273,product_1273,sports,53.11
1274,product_1274,grocery,256.63
1275,product_1275,grocery,494.55
1276,product_1276,apparel,434.2
1277,product_1277,electronics,391.43
1278,product_1278,books,314.08
1279,product_1279,toys,302.91
1280,product_1280,electronics,142.6
1281,product_1281,grocery,59.58
1282,product_1282,toys,236.93
1283,product_1283,home,13.8
1284,product_1284,sports,217.27
1285,product_1285,grocery,114.88
1286,product_1286,books,157.87
1287,product_1287,sports,433.98
1288,product_1288,grocery,318.45
1289,product_1289,beauty,388.14
1290,product_1290,toys,109.53
1291,product_1291,books,436.04
1292,product_1292,grocery,459.76
1293,product_1293,apparel,259.22
1294,product_1294,books,75.44
1295,product_1295,toys,465.57
1296,product_1296,apparel,329.82
1297,product_1297,apparel,315.18
1298,product_1298,grocery,73.32
1299,product_1299,apparel,325.54
1300,product_1300,beauty,439.29
1301,product_1301,home,174.85
1302,product_1302,grocery,497.68
1303,product_1303,toys,82.34
1304,product_1304,grocery,46.22
1305,product_1305,books,99.76
1306,product_1306,grocery,406.33
1307,product_1307,beauty,392.19
1308,product_1308,toys,49.22
1309,product_1309,grocery,420.8
1310,product_1310,apparel,219.35
1311,product_1311,electronics,23.38
1312,product_1312,toys,131.16
1313,product_1313,grocery,79.98
1314,product_1314,apparel,470.78
1315,product_1315,electronics,473.6
1316,product_1316,beauty,357.52
1317,product_1317,books,133.15
1318,product_1318,beauty,329.42
1319,product_1319,beauty,133.72
1320,product_1320,home,271.46
1321,product_1321,grocery,345.97
1322,product_1322,electronics,193.43
1323,product_1323,sports,298.91
1324,product_1324,apparel,381.65
1325,product_1325,apparel,400.42
1326,product_1326,home,128.07
1327,product_1327,electronics,37.67
1328,product_1328,electronics,96.13
1329,product_1329,sports,458.17
1330,product_1330,beauty,328.89
1331,product_1331,books,37.93
1332,product_1332,books,348.11
1333,product_1333,apparel,142.48
1334,product_1334,beauty,284.7
1335,product_1335,grocery,193.04
1336,product_1336,home,382.84
1337,product_1337,grocery,406.96
1338,product_1338,electronics,330.6
1339,product_1339,beauty,179.97
1340,product_1340,apparel,318.57
1341,product_1341,toys,269.25
1342,product_1342,apparel,126.13
1343,product_1343,grocery,383.07
1344,product_1344,home,263.56
1345,product_1345,beauty,222.72
1346,product_1346,books,328.02
1347,product_1347,grocery,302.63
1348,product_1348,sports,155.19
1349,product_1349,sports,120.35
1350,product_1350,home,462.58
1351,product_1351,apparel,464.5
1352,product_1352,apparel,32.08
1353,product_1353,grocery,331.79
1354,product_1354,beauty,74.36
1355,product_1355,grocery,379.63
1356,product_1356,grocery,336.63
1357,product_1357,sports,474.35
1358,product_1358,electronics,462.01
1359,product_1359,grocery,89.85
1360,product_1360,apparel,259.95
1361,product_1361,grocery,305.36
1362,product_1362,beauty,432.28
1363,product_1363,beauty,353.82
1364,product_1364,grocery,346.63
1365,product_1365,grocery,351.78
1366,product_1366,toys,413.99
1367,product_1367,books,110.39
1368,product_1368,toys,298.63
1369,product_1369,books,136.92
1370,product_1370,electronics,488.64
1371,product_1371,home,57.04
1372,product_1372,electronics,23.12
1373,product_1373,grocery,266.3
1374,product_1374,beauty,344.69
1375,product_1375,sports,348.76
1376,product_1376,books,167.48
1377,product_1377,beauty,451.92
1378,product_1378,toys,7.8
1379,product_1379,beauty,197.73
1380,product_1380,beauty,137.76
1381,product_1381,sports,383.7
1382,product_1382,grocery,59.28
1383,product_1383,books,285.13
1384,product_1384,grocery,405.35
1385,product_1385,beauty,133.14
1386,product_1386,home,363.4
1387,product_1387,books,297.93
1388,product_1388,electronics,340.38
1389,product_1389,books,457.98
1390,product_1390,home,128.04
1391,product_1391,beauty,375.62
1392,product_1392,sports,458.2
1393,product_1393,beauty,176.86
1394,product_1394,grocery,300.28
1395,product_1395,electronics,275.38
1396,product_1396,grocery,285.31
1397,product_1397,electronics,270.71
1398,product_1398,electronics,191.0
1399,product_1399,sports,413.22
1400,product_1400,toys,362.05
1401,product_1401,sports,18.65
1402,product_1402,beauty,314.04
1403,product_1403,electronics,96.18
1404,product_1404,apparel,142.13
1405,product_1405,grocery,39.51
1406,product_1406,apparel,229.68
1407,product_1407,grocery,488.69
1408,product_1408,apparel,290.53
1409,product_1409,apparel,429.83
1410,product_1410,sports,251.75
1411,product_1411,electronics,12.4
1412,product_1412,toys,337.23
1413,product_1413,apparel,16.64
1414,product_1414,beauty,320.41
1415,product_1415,sports,341.6
1416,product_1416,toys,393.15
1417,product_1417,books,203.75
1418,product_1418,sports,397.59
1419,product_1419,toys,322.61
1420,product_1420,electronics,136.94
1421,product_1421,toys,33.26
1422,product_1422,electronics,196.96
1423,product_1423,beauty,37.88
1424,product_1424,home,211.24
1425,product_1425,home,315.71
1426,product_1426,electronics,69.36
1427,product_1427,apparel,196.99
1428,product_1428,grocery,273.14
1429,product_1429,apparel,444.43
1430,product_1430,apparel,279.6
1431,product_1431,sports,276.61
1432,product_1432,electronics,386.57
1433,product_1433,electronics,395.67
1434,product_1434,books,258.85
1435,product_1435,sports,426.73
1436,product_1436,electronics,375.51
1437,product_1437,electronics,495.32
1438,product_1438,beauty,140.93
1439,product_1439,grocery,137.72
1440,product_1440,apparel,257.89
1441,product_1441,home,45.77
1442,product_1442,electronics,435.44
1443,product_1443,toys,82.89
1444,product_1444,grocery,79.26
1445,product_1445,grocery,499.93
1446,product_1446,apparel,173.84
1447,product_1447,sports,49.13
1448,product_1448,home,258.47
1449,product_1449,grocery,119.18
1450,product_1450,books,229.83
1451,product_1451,beauty,448.87
1452,product_1452,beauty,296.23
1453,product_1453,books,349.61
1454,product_1454,toys,319.38
1455,product_1455,apparel,292.57
1456,product_1456,home,324.23
1457,product_1457,apparel,269.48
1458,product_1458,sports,73.23
1459,product_1459,apparel,351.47
1460,product_1460,apparel,164.38
1461,product_1461,sports,337.55
1462,product_1462,apparel,235.88
1463,product_1463,electronics,402.41
1464,product_1464,grocery,454.56
1465,product_1465,home,337.8
1466,product_1466,beauty,103.56
1467,product_1467,beauty,370.69
1468,product_1468,electronics,448.81
1469,product_1469,home,31.06
1470,product_1470,sports,359.27
1471,product_1471,sports,385.22
1472,product_1472,sports,52.57
1473,product_1473,apparel,380.14
1474,product_1474,toys,186.15
1475,product_1475,sports,349.3
1476,product_1476,sports,30.85
1477,product_1477,toys,486.23
1478,product_1478,apparel,270.52
1479,product_1479,electronics,167.8
1480,product_1480,toys,417.6
1481,product_1481,home,305.62
1482,product_1482,apparel,286.36
1483,product_1483,sports,89.49
1484,product_1484,apparel,465.21
1485,product_1485,books,18.14
1486,product_1486,apparel,396.97
1487,product_1487,sports,437.96
1488,product_1488,beauty,122.34
1489,product_1489,beauty,105.0
1490,product_1490,beauty,66.34
1491,product_1491,toys,412.54
1492,product_1492,electronics,156.38
1493,product_1493,grocery,165.98
1494,product_1494,apparel,254.95
1495,product_1495,books,475.89
1496,product_1496,apparel,358.13
1497,product_1497,electronics,8.35
1498,product_1498,electronics,393.84
1499,product_1499,apparel,118.11
1500,product_1500,home,273.85
1501,product_1501,home,360.05
1502,product_1502,grocery,419.65
1503,product_1503,grocery,311.6
1504,product_1504,electronics,23.4
1505,product_1505,books,480.81
1506,product_1506,grocery,187.58
1507,product_1507,apparel,299.9
1508,product_1508,sports,120.94
1509,product_1509,beauty,19.45
1510,product_1510,books,57.22
1511,product_1511,grocery,460.52
1512,product_1512,home,31.48
1513,product_1513,apparel,169.56
1514,product_1514,apparel,192.43
1515,product_1515,home,350.22
1516,product_1516,home,162.01
1517,product_1517,apparel,279.29
1518,product_1518,grocery,288.43
1519,product_1519,toys,297.88
1520,product_1520,toys,392.28
1521,product_1521,home,320.06
1522,product_1522,grocery,277.22
1523,product_1523,apparel,168.4
1524,product_1524,electronics,441.67
1525,product_1525,books,334.22
1526,product_1526,home,103.16
1527,product_1527,toys,53.22
1528,product_1528,beauty,11.24
1529,product_1529,beauty,80.23
1530,product_1530,electronics,10.53
1531,product_1531,grocery,456.64
1532,product_1532,home,78.47
1533,product_1533,grocery,188.54
1534,product_1534,toys,9.31
1535,product_1535,grocery,72.78
1536,product_1536,apparel,208.91
1537,product_1537,sports,70.91
1538,product_1538,electronics,340.58
1539,product_1539,electronics,34.17
1540,product_1540,sports,370.43
1541,product_1541,toys,402.95
1542,product_1542,electronics,94.09
1543,product_1543,grocery,373.9
1544,product_1544,electronics,414.22
1545,product_1545,apparel,28.41
1546,product_1546,electronics,360.62
1547,product_1547,books,177.56
1548,product_1548,grocery,266.67
1549,product_1549,electronics,204.5
1550,product_1550,apparel,244.33
1551,product_1551,beauty,296.6
1552,product_1552,beauty,119.22
1553,product_1553,sports,181.9
1554,product_1554,home,257.14
1555,product_1555,apparel,103.44
1556,product_1556,apparel,201.74
1557,product_1557,toys,333.16
1558,product_1558,toys,66.45
1559,product_1559,home,17.71
1560,product_1560,home,324.64
1561,product_1561,apparel,473.79
1562,product_1562,home,254.39
1563,product_1563,home,266.84
1564,product_1564,sports,312.64
1565,product_1565,beauty,137.48
1566,product_1566,books,317.66
1567,product_1567,grocery,403.27
1568,product_1568,apparel,337.15
1569,product_1569,sports,358.29
1570,product_1570,home,439.1
1571,product_1571,beauty,121.24
1572,product_1572,home,347.07
1573,product_1573,books,254.21
1574,product_1574,sports,237.21
1575,product_1575,beauty,250.42
1576,product_1576,grocery,275.01
1577,product_1577,beauty,454.88
1578,product_1578,apparel,137.39
1579,product_1579,apparel,223.44
1580,product_1580,apparel,180.11
1581,product_1581,apparel,413.68
1582,product_1582,beauty,62.37
1583,product_1583,toys,206.57
1584,product_1584,sports,74.47
1585,product_1585,grocery,230.36
1586,product_1586,books,136.04
1587,product_1587,toys,420.04
1588,product_1588,grocery,239.02
1589,product_1589,toys,444.69
1590,product_1590,sports,335.38
1591,product_1591,electronics,220.97
1592,product_1592,home,204.0
1593,product_1593,books,454.16
1594,product_1594,toys,345.02
1595,product_1595,books,439.65
1596,product_1596,grocery,63.12
1597,product_1597,beauty,53.42
1598,product_1598,home,362.5
1599,product_1599,electronics,29.74
1600,product_1600,grocery,119.3
1601,product_1601,home,82.66
1602,product_1602,toys,310.29
1603,product_1603,books,340.74
1604,product_1604,electronics,435.0
1605,product_1605,grocery,459.91
1606,product_1606,home,384.27
1607,product_1607,toys,486.88
1608,product_1608,grocery,200.79
1609,product_1609,grocery,159.09
1610,product_1610,apparel,144.72
1611,product_1611,toys,463.96
1612,product_1612,apparel,247.95
1613,product_1613,sports,485.35
1614,product_1614,electronics,232.05
1615,product_1615,sports,15.49
1616,product_1616,books,275.01
1617,product_1617,books,251.71
1618,product_1618,home,290.8
1619,product_1619,apparel,362.19
1620,product_1620,books,244.51
1621,product_1621,toys,47.8
1622,product_1622,apparel,89.75
1623,product_1623,beauty,192.43
1624,product_1624,beauty,227.57
1625,product_1625,sports,479.99
1626,product_1626,apparel,400.0
1627,product_1627,sports,451.28
1628,product_1628,toys,75.64
1629,product_1629,sports,54.48
1630,product_1630,electronics,343.02
1631,product_1631,beauty,103.14
1632,product_1632,apparel,204.38
1633,product_1633,grocery,165.79
1634,product_1634,apparel,391.33
1635,product_1635,home,389.42
1636,product_1636,apparel,168.83
1637,product_1637,home,363.91
1638,product_1638,books,404.42
1639,product_1639,sports,413.73
1640,product_1640,beauty,131.36
1641,product_1641,toys,430.12
1642,product_1642,grocery,249.18
1643,product_1643,apparel,365.68
1644,product_1644,grocery,306.31
1645,product_1645,electronics,129.48
1646,product_1646,grocery,324.86
1647,product_1647,home,87.51
1648,product_1648,grocery,336.65
1649,product_1649,electronics,45.71
1650,product_1650,books,373.66
1651,product_1651,toys,344.33
1652,product_1652,beauty,134.28
1653,product_1653,home,224.32
1654,product_1654,beauty,399.98
1655,product_1655,sports,488.92
1656,product_1656,home,209.25
1657,product_1657,beauty,44.07
1658,product_1658,grocery,223.01
1659,product_1659,home,241.56
1660,product_1660,home,409.96
1661,product_1661,grocery,374.43
1662,product_1662,grocery,425.75
1663,product_1663,books,64.73
1664,product_1664,books,440.53
1665,product_1665,apparel,5.74
1666,product_1666,beauty,226.62
1667,product_1667,home,269.93
1668,product_1668,electronics,132.48
1669,product_1669,home,372.9
1670,product_1670,home,56.36
1671,product_1671,toys,43.26
1672,product_1672,books,420.79
1673,product_1673,apparel,423.5
1674,product_1674,books,396.66
1675,product_1675,toys,217.05
1676,product_1676,sports,459.22
1677,product_1677,apparel,170.61
1678,product_1678,books,99.53
1679,product_1679,books,85.53
1680,product_1680,home,267.47
1681,product_1681,home,46.26
1682,product_1682,apparel,251.85
1683,product_1683,apparel,349.16
1684,product_1684,toys,20.48
1685,product_1685,grocery,470.87
1686,product_1686,electronics,17.84
1687,product_1687,beauty,132.53
1688,product_1688,toys,437.02
1689,product_1689,sports,41.76
1690,product_1690,books,181.33
1691,product_1691,electronics,342.39
1692,product_1692,grocery,466.78
1693,product_1693,beauty,55.8
1694,product_1694,apparel,318.49
1695,product_1695,apparel,60.76
1696,product_1696,electronics,404.02
1697,product_1697,sports,338.51
1698,product_1698,apparel,388.24
1699,product_1699,toys,304.23
1700,product_1700,toys,402.24
1701,product_1701,home,42.49
1702,product_1702,apparel,33.57
1703,product_1703,apparel,430.64
1704,product_1704,books,171.25
1705,product_1705,grocery,499.58
1706,product_1706,sports,482.51
1707,product_1707,sports,387.98
1708,product_1708,beauty,260.04
1709,product_1709,books,277.3
1710,product_1710,grocery,423.85
1711,product_1711,grocery,344.85
1712,product_1712,books,196.43
1713,product_1713,electronics,224.52
1714,product_1714,electronics,285.45
1715,product_1715,apparel,418.37
1716,product_1716,books,282.09
1717,product_1717,sports,425.53
1718,product_1718,home,404.09
1719,product_1719,apparel,369.73
1720,product_1720,beauty,300.7
1721,product_1721,home,383.42
1722,product_1722,home,348.71
1723,product_1723,apparel,256.49
1724,product_1724,books,324.46
1725,product_1725,apparel,340.24
1726,product_1726,beauty,315.94
1727,product_1727,home,31.14
1728,product_1728,toys,304.16
1729,product_1729,electronics,385.13
1730,product_1730,toys,486.18
1731,product_1731,home,458.49
1732,product_1732,grocery,346.45
1733,product_1733,grocery,86.53
1734,product_1734,beauty,158.7
1735,product_1735,toys,477.43
1736,product_1736,sports,142.14
1737,product_1737,grocery,306.43
1738,product_1738,apparel,474.91
1739,product_1739,books,99.98
1740,product_1740,beauty,193.14
1741,product_1741,books,265.69
1742,product_1742,sports,310.25
1743,product_1743,sports,134.07
1744,product_1744,electronics,474.03
1745,product_1745,books,129.23
1746,product_1746,home,152.41
1747,product_1747,apparel,307.97
1748,product_1748,home,64.9
1749,product_1749,home,323.8
1750,product_1750,toys,173.92
1751,product_1751,books,374.44
1752,product_1752,grocery,126.83
1753,product_1753,grocery,90.84
1754,product_1754,books,236.14
1755,product_1755,grocery,320.24
1756,product_1756,beauty,210.44
1757,product_1757,books,366.37
1758,product_1758,home,129.79
1759,product_1759,apparel,330.58
1760,product_1760,grocery,446.39
1761,product_1761,beauty,237.96
1762,product_1762,apparel,480.65
1763,product_1763,books,310.88
1764,product_1764,books,447.18
1765,product_1765,books,88.18
1766,product_1766,books,21.28
1767,product_1767,home,359.87
1768,product_1768,electronics,104.93
1769,product_1769,toys,260.74
1770,product_1770,apparel,97.21
1771,product_1771,home,441.15
1772,product_1772,beauty,79.96
1773,product_1773,grocery,334.86
1774,product_1774,toys,20.97
1775,product_1775,home,151.51
1776,product_1776,books,397.23
1777,product_1777,apparel,206.46
1778,product_1778,toys,383.25
1779,product_1779,beauty,93.64
1780,product_1780,books,209.84
1781,product_1781,books,494.93
1782,product_1782,home,329.95
1783,product_1783,beauty,394.29
1784,product_1784,beauty,203.49
1785,product_1785,books,230.06
1786,product_1786,books,353.47
1787,product_1787,electronics,83.81
1788,product_1788,sports,142.59
1789,product_1789,electronics,484.31
1790,product_1790,grocery,16.81
1791,product_1791,electronics,47.42
1792,product_1792,grocery,115.45
1793,product_1793,books,186.57
1794,product_1794,grocery,15.79
1795,product_1795,grocery,475.4
1796,product_1796,sports,172.24
1797,product_1797,books,449.02
1798,product_1798,sports,69.74
1799,product_1799,beauty,408.72
1800,product_1800,home,98.53
1801,product_1801,beauty,238.27
1802,product_1802,electronics,383.81
1803,product_1803,electronics,301.5
1804,product_1804,home,75.17
1805,product_1805,apparel,304.02
1806,product_1806,toys,183.55
1807,product_1807,grocery,199.57
1808,product_1808,sports,400.78
1809,product_1809,beauty,457.33
1810,product_1810,apparel,59.47
1811,product_1811,grocery,347.43
1812,product_1812,home,182.73
1813,product_1813,grocery,343.33
1814,product_1814,home,266.6
1815,product_1815,apparel,399.24
1816,product_1816,beauty,98.07
1817,product_1817,toys,487.87
1818,product_1818,apparel,247.63
1819,product_1819,sports,385.8
1820,product_1820,grocery,253.93
1821,product_1821,home,112.23
1822,product_1822,sports,448.24
1823,product_1823,electronics,78.09
1824,product_1824,books,223.24
1825,product_1825,apparel,437.29
1826,product_1826,books,228.28
1827,product_1827,books,490.92
1828,product_1828,beauty,482.96
1829,product_1829,apparel,33.7
1830,product_1830,apparel,447.64
1831,product_1831,sports,291.6
1832,product_1832,electronics,296.98
1833,product_1833,sports,279.93
1834,product_1834,toys,75.76
1835,product_1835,beauty,314.0
1836,product_1836,sports,454.61
1837,product_1837,toys,239.42
1838,product_1838,electronics,208.18
1839,product_1839,toys,497.12
1840,product_1840,sports,344.77
1841,product_1841,home,29.04
1842,product_1842,books,49.13
1843,product_1843,books,166.34
1844,product_1844,electronics,193.13
1845,product_1845,grocery,487.71
1846,product_1846,sports,40.19
1847,product_1847,sports,327.06
1848,product_1848,toys,253.16
1849,product_1849,grocery,250.12
1850,product_1850,electronics,68.79
1851,product_1851,electronics,53.64
1852,product_1852,books,495.84
1853,product_1853,grocery,27.65
1854,product_1854,grocery,230.47
1855,product_1855,grocery,141.05
1856,product_1856,toys,163.5
1857,product_1857,toys,394.76
1858,product_1858,toys,469.39
1859,product_1859,grocery,95.2
1860,product_1860,electronics,432.24
1861,product_1861,sports,419.04
1862,product_1862,beauty,442.49
1863,product_1863,beauty,23.61
1864,product_1864,beauty,449.74
1865,product_1865,toys,440.25
1866,product_1866,grocery,184.31
1867,product_1867,grocery,155.24
1868,product_1868,apparel,328.54
1869,product_1869,toys,166.33
1870,product_1870,electronics,356.63
1871,product_1871,beauty,14.57
1872,product_1872,apparel,117.48
1873,product_1873,books,456.8
1874,product_1874,books,187.08
1875,product_1875,toys,491.77
1876,product_1876,books,427.11
1877,product_1877,grocery,457.33
1878,product_1878,beauty,337.54
1879,product_1879,beauty,175.52
1880,product_1880,home,385.18
1881,product_1881,electronics,411.18
1882,product_1882,books,285.03
1883,product_1883,sports,454.2
1884,product_1884,electronics,249.98
1885,product_1885,beauty,77.49
1886,product_1886,grocery,258.51
1887,product_1887,apparel,368.16
1888,product_1888,apparel,98.16
1889,product_1889,grocery,334.48
1890,product_1890,beauty,165.74
1891,product_1891,apparel,73.03
1892,product_1892,books,250.72
1893,product_1893,apparel,5.47
1894,product_1894,sports,138.2
1895,product_1895,electronics,344.71
1896,product_1896,grocery,298.57
1897,product_1897,sports,291.42
1898,product_1898,apparel,17.48
1899,product_1899,electronics,380.05
1900,product_1900,toys,202.98
1901,product_1901,books,315.09
1902,product_1902,sports,209.57
1903,product_1903,beauty,267.12
1904,product_1904,toys,426.24
1905,product_1905,home,330.76
1906,product_1906,grocery,5.49
1907,product_1907,books,329.42
1908,product_1908,electronics,397.37
1909,product_1909,electronics,407.13
1910,product_1910,sports,313.77
1911,product_1911,home,203.08
1912,product_1912,apparel,163.93
1913,product_1913,electronics,113.4
1914,product_1914,toys,65.65
1915,product_1915,sports,483.14
1916,product_1916,grocery,285.64
1917,product_1917,beauty,430.58
1918,product_1918,beauty,392.33
1919,product_1919,electronics,380.92
1920,product_1920,books,111.04
1921,product_1921,home,241.89
1922,product_1922,electronics,277.2
1923,product_1923,apparel,230.25
1924,product_1924,beauty,307.25
1925,product_1925,books,442.81
1926,product_1926,home,74.79
1927,product_1927,toys,213.68
1928,product_1928,electronics,15.46
1929,product_1929,sports,489.14
1930,product_1930,beauty,186.37
1931,product_1931,electronics,213.67
1932,product_1932,electronics,106.5
1933,product_1933,grocery,151.42
1934,product_1934,beauty,365.61
1935,product_1935,sports,413.11
1936,product_1936,sports,387.09
1937,product_1937,toys,202.48
1938,product_1938,home,392.48
1939,product_1939,sports,176.68
1940,product_1940,toys,270.39
1941,product_1941,electronics,106.67
1942,product_1942,electronics,226.19
1943,product_1943,electronics,159.18
1944,product_1944,home,349.31
1945,product_1945,sports,329.83
1946,product_1946,electronics,276.45
1947,product_1947,home,186.28
1948,product_1948,apparel,246.28
1949,product_1949,toys,477.06
1950,product_1950,grocery,131.86
1951,product_1951,sports,389.73
1952,product_1952,apparel,145.72
1953,product_1953,home,153.44
1954,product_1954,electronics,286.21
1955,product_1955,sports,323.48
1956,product_1956,apparel,328.57
1957,product_1957,home,489.25
1958,product_1958,beauty,301.74
1959,product_1959,apparel,76.79
1960,product_1960,electronics,252.31
1961,product_1961,home,280.87
1962,product_1962,grocery,167.93
1963,product_1963,grocery,310.85
1964,product_1964,electronics,45.02
1965,product_1965,toys,127.44
1966,product_1966,electronics,122.29
1967,product_1967,beauty,89.36
1968,product_1968,apparel,340.31
1969,product_1969,books,183.78
1970,product_1970,beauty,422.26
1971,product_1971,beauty,438.58
1972,product_1972,grocery,396.07
1973,product_1973,grocery,402.34
1974,product_1974,electronics,345.46
1975,product_1975,home,398.28
1976,product_1976,beauty,299.41
1977,product_1977,books,411.6
1978,product_1978,home,164.68
1979,product_1979,sports,44.35
1980,product_1980,books,27.39
1981,product_1981,sports,102.57
1982,product_1982,books,352.49
1983,product_1983,apparel,151.73
1984,product_1984,books,464.0
1985,product_1985,beauty,274.26
1986,product_1986,grocery,181.03
1987,product_1987,books,20.79
1988,product_1988,electronics,17.5
1989,product_1989,home,256.75
1990,product_1990,books,391.68
1991,product_1991,beauty,55.35
1992,product_1992,toys,268.39
1993,product_1993,electronics,313.76
1994,product_1994,grocery,484.87
1995,product_1995,toys,248.24
1996,product_1996,beauty,452.32
1997,product_1997,grocery,135.01
1998,product_1998,home,381.94
1999,product_1999,home,401.27
2000,product_2000,grocery,403.19
2001,product_2001,beauty,166.42
2002,product_2002,apparel,314.2
2003,product_2003,books,403.62
2004,product_2004,sports,150.67
2005,product_2005,apparel,407.13
2006,product_2006,sports,358.11
2007,product_2007,apparel,289.41
2008,product_2008,books,84.06
2009,product_2009,sports,76.57
2010,product_2010,toys,418.97
2011,product_2011,electronics,19.0
2012,product_2012,apparel,281.99
2013,product_2013,beauty,119.88
2014,product_2014,sports,225.01
2015,product_2015,toys,298.51
2016,product_2016,home,25.47
2017,product_2017,sports,218.35
2018,product_2018,grocery,216.4
2019,product_2019,home,5.62
2020,product_2020,electronics,456.21
2021,product_2021,electronics,219.15
2022,product_2022,apparel,410.87
2023,product_2023,beauty,66.78
2024,product_2024,books,16.97
2025,product_2025,grocery,163.12
2026,product_2026,apparel,82.33
2027,product_2027,grocery,101.41
2028,product_2028,grocery,294.92
2029,product_2029,electronics,347.29
2030,product_2030,sports,264.8
2031,product_2031,grocery,27.58
2032,product_2032,books,335.16
2033,product_2033,sports,261.58
2034,product_2034,grocery,138.95
2035,product_2035,apparel,227.05
2036,product_2036,books,169.54
2037,product_2037,electronics,330.61
2038,product_2038,beauty,330.55
2039,product_2039,books,475.82
2040,product_2040,sports,10.19
2041,product_2041,apparel,7.17
2042,product_2042,sports,227.41
2043,product_2043,books,12.19
2044,product_2044,home,79.54
2045,product_2045,beauty,60.66
2046,product_2046,electronics,470.84
2047,product_2047,apparel,481.38
2048,product_2048,beauty,68.29
2049,product_2049,electronics,229.14
2050,product_2050,electronics,42.21
2051,product_2051,grocery,352.4
2052,product_2052,apparel,458.08
2053,product_2053,toys,66.23
2054,product_2054,home,360.8
2055,product_2055,sports,147.25
2056,product_2056,grocery,7.29
2057,product_2057,apparel,204.97
2058,product_2058,grocery,79.0
2059,product_2059,books,329.65
2060,product_2060,apparel,253.39
2061,product_2061,grocery,351.21
2062,product_2062,books,125.16
2063,product_2063,grocery,353.6
2064,product_2064,electronics,362.09
2065,product_2065,home,358.03
2066,product_2066,beauty,256.16
2067,product_2067,toys,222.18
2068,product_2068,electronics,231.14
2069,product_2069,home,354.62
2070,product_2070,sports,374.38
2071,product_2071,sports,17.13
2072,product_2072,toys,175.69
2073,product_2073,electronics,345.31
2074,product_2074,apparel,15.85
2075,product_2075,electronics,316.44
2076,product_2076,toys,113.85
2077,product_2077,sports,107.11
2078,product_2078,apparel,450.26
2079,product_2079,home,427.06
2080,product_2080,sports,394.49
2081,product_2081,electronics,340.09
2082,product_2082,electronics,10.17
2083,product_2083,home,390.24
2084,product_2084,home,270.34
2085,product_2085,home,404.26
2086,product_2086,grocery,241.18
2087,product_2087,grocery,203.94
2088,product_2088,books,77.38
2089,product_2089,home,252.02
2090,product_2090,beauty,452.95
2091,product_2091,beauty,439.88
2092,product_2092,beauty,185.85
2093,product_2093,grocery,246.45
2094,product_2094,books,179.84
2095,product_2095,books,141.73
2096,product_2096,beauty,190.78
2097,product_2097,home,290.76
2098,product_2098,home,459.5
2099,product_2099,sports,388.68
2100,product_2100,home,360.21
2101,product_2101,home,47.16
2102,product_2102,toys,398.01
2103,product_2103,books,496.47
2104,product_2104,apparel,236.57
2105,product_2105,sports,111.06
2106,product_2106,apparel,306.39
2107,product_2107,beauty,61.95
2108,product_2108,grocery,153.34
2109,product_2109,toys,291.8
2110,product_2110,grocery,252.23
2111,product_2111,home,38.12
2112,product_2112,electronics,86.06
2113,product_2113,books,492.6
2114,product_2114,apparel,402.66
2115,product_2115,home,240.08
2116,product_2116,home,236.12
2117,product_2117,electronics,304.43
2118,product_2118,apparel,457.82
2119,product_2119,grocery,327.84
2120,product_2120,home,30.02
2121,product_2121,beauty,91.55
2122,product_2122,books,396.26
2123,product_2123,electronics,466.99
2124,product_2124,sports,80.38
2125,product_2125,home,36.16
2126,product_2126,books,100.42
2127,product_2127,apparel,30.88
2128,product_2128,toys,8.61
2129,product_2129,home,383.54
2130,product_2130,home,231.09
2131,product_2131,electronics,429.58
2132,product_2132,toys,359.26
2133,product_2133,home,371.14
2134,product_2134,home,79.09
2135,product_2135,sports,458.13
2136,product_2136,home,304.23
2137,product_2137,grocery,215.3
2138,product_2138,grocery,123.43
2139,product_2139,sports,121.89
2140,product_2140,home,146.66
2141,product_2141,books,302.43
2142,product_2142,beauty,453.49
2143,product_2143,sports,481.5
2144,product_2144,home,314.25
2145,product_2145,books,468.61
2146,product_2146,toys,79.35
2147,product_2147,electronics,303.0
2148,product_2148,electronics,163.26
2149,product_2149,sports,187.07
2150,product_2150,beauty,247.82
2151,product_2151,sports,302.91
2152,product_2152,home,395.06
2153,product_2153,books,405.12
2154,product_2154,home,104.82
2155,product_2155,beauty,265.27
2156,product_2156,home,35.52
2157,product_2157,beauty,299.57
2158,product_2158,electronics,21.24
2159,product_2159,toys,211.03
2160,product_2160,grocery,74.47
2161,product_2161,books,293.88
2162,product_2162,electronics,381.99
2163,product_2163,sports,39.41
2164,product_2164,electronics,434.78
2165,product_2165,grocery,280.67
2166,product_2166,apparel,451.13
2167,product_2167,grocery,72.08
2168,product_2168,grocery,166.5
2169,product_2169,books,335.54
2170,product_2170,grocery,249.39
2171,product_2171,grocery,187.61
2172,product_2172,beauty,304.61
2173,product_2173,sports,335.01
2174,product_2174,home,306.57
2175,product_2175,home,174.74
2176,product_2176,apparel,32.74
2177,product_2177,books,305.49
2178,product_2178,grocery,231.08
2179,product_2179,books,8.12
2180,product_2180,apparel,82.76
2181,product_2181,electronics,5.16
2182,product_2182,sports,144.94
2183,product_2183,books,92.21
2184,product_2184,sports,120.52
2185,product_2185,electronics,259.05
2186,product_2186,electronics,294.2
2187,product_2187,beauty,422.02
2188,product_2188,books,25.61
2189,product_2189,apparel,413.4
2190,product_2190,beauty,377.43
2191,product_2191,apparel,304.42
2192,product_2192,electronics,175.01
2193,product_2193,books,426.04
2194,product_2194,grocery,126.32
2195,product_2195,apparel,275.73
2196,product_2196,beauty,380.11
2197,product_2197,apparel,81.8
2198,product_2198,home,472.77
2199,product_2199,electronics,365.29
2200,product_2200,apparel,409.71
2201,product_2201,sports,137.88
2202,product_2202,electronics,325.07
2203,product_2203,home,422.04
2204,product_2204,home,407.53
2205,product_2205,apparel,335.91
2206,product_2206,beauty,210.97
2207,product_2207,beauty,408.3
2208,product_2208,sports,92.86
2209,product_2209,sports,475.19
2210,product_2210,books,22.41
2211,product_2211,electronics,298.19
2212,product_2212,toys,96.55
2213,product_2213,books,454.38
2214,product_2214,sports,35.75
2215,product_2215,electronics,192.79
2216,product_2216,apparel,119.57
2217,product_2217,home,143.99
2218,product_2218,beauty,291.13
2219,product_2219,toys,327.32
2220,product_2220,home,400.89
2221,product_2221,toys,315.91
2222,product_2222,beauty,32.92
2223,product_2223,home,337.44
2224,product_2224,apparel,151.25
2225,product_2225,home,279.67
2226,product_2226,sports,163.17
2227,product_2227,electronics,346.55
2228,product_2228,toys,21.39
2229,product_2229,books,429.27
2230,product_2230,beauty,464.43
2231,product_2231,books,432.74
2232,product_2232,toys,187.8
2233,product_2233,home,361.33
2234,product_2234,home,422.17
2235,product_2235,grocery,110.9
2236,product_2236,apparel,371.34
2237,product_2237,beauty,214.2
2238,product_2238,books,140.61
2239,product_2239,electronics,68.54
2240,product_2240,sports,59.4
2241,product_2241,grocery,326.38
2242,product_2242,sports,386.42
2243,product_2243,grocery,202.44
2244,product_2244,grocery,142.24
2245,product_2245,home,395.66
2246,product_2246,grocery,96.97
2247,product_2247,home,454.97
2248,product_2248,beauty,450.11
2249,product_2249,apparel,397.37
2250,product_2250,home,122.63
2251,product_2251,sports,145.72
2252,product_2252,beauty,365.66
2253,product_2253,toys,498.03
2254,product_2254,books,470.11
2255,product_2255,sports,14.23
2256,product_2256,electronics,260.43
2257,product_2257,electronics,444.07
2258,product_2258,electronics,19.04
2259,product_2259,sports,304.51
2260,product_2260,electronics,199.45
2261,product_2261,toys,160.54
2262,product_2262,grocery,227.41
2263,product_2263,electronics,218.83
2264,product_2264,home,180.0
2265,product_2265,beauty,157.81
2266,product_2266,books,241.88
2267,product_2267,books,31.23
2268,product_2268,electronics,456.29
2269,product_2269,home,255.07
2270,product_2270,home,409.28
2271,product_2271,sports,331.76
2272,product_2272,home,352.71
2273,product_2273,beauty,53.33
2274,product_2274,beauty,255.95
2275,product_2275,sports,128.03
2276,product_2276,toys,52.94
2277,product_2277,beauty,65.74
2278,product_2278,beauty,457.97
2279,product_2279,grocery,331.03
2280,product_2280,apparel,442.27
2281,product_2281,grocery,365.45
2282,product_2282,beauty,119.92
2283,product_2283,toys,470.65
2284,product_2284,beauty,42.5
2285,product_2285,grocery,78.82
2286,product_2286,electronics,359.32
2287,product_2287,home,445.8
2288,product_2288,books,180.81
2289,product_2289,electronics,459.0
2290,product_2290,beauty,367.1
2291,product_2291,toys,41.73
2292,product_2292,books,445.29
2293,product_2293,grocery,491.35
2294,product_2294,beauty,306.13
2295,product_2295,electronics,415.27
2296,product_2296,electronics,7.01
2297,product_2297,toys,57.18
2298,product_2298,toys,443.78
2299,product_2299,grocery,86.62
2300,product_2300,sports,17.97
2301,product_2301,beauty,258.91
2302,product_2302,toys,41.64
2303,product_2303,apparel,340.27
2304,product_2304,electronics,451.51
2305,product_2305,books,400.97
2306,product_2306,apparel,421.74
2307,product_2307,home,242.42
2308,product_2308,grocery,271.32
2309,product_2309,electronics,327.58
2310,product_2310,toys,321.48
2311,product_2311,electronics,461.88
2312,product_2312,apparel,59.2
2313,product_2313,toys,439.47
2314,product_2314,books,6.27
2315,product_2315,sports,415.21
2316,product_2316,electronics,224.8
2317,product_2317,apparel,302.53
2318,product_2318,toys,155.65
2319,product_2319,sports,474.0
2320,product_2320,grocery,454.17
2321,product_2321,toys,368.35
2322,product_2322,toys,435.53
2323,product_2323,books,25.55
2324,product_2324,grocery,276.49
2325,product_2325,beauty,426.01
2326,product_2326,beauty,229.99
2327,product_2327,toys,492.68
2328,product_2328,grocery,198.06
2329,product_2329,electronics,19.25
2330,product_2330,apparel,490.34
2331,product_2331,sports,386.12
2332,product_2332,sports,309.44
2333,product_2333,toys,73.49
2334,product_2334,electronics,76.57
2335,product_2335,toys,210.12
2336,product_2336,sports,338.17
2337,product_2337,apparel,44.57
2338,product_2338,apparel,140.48
2339,product_2339,electronics,269.15
2340,product_2340,sports,215.8
2341,product_2341,sports,295.96
2342,product_2342,home,287.36
2343,product_2343,electronics,235.27
2344,product_2344,home,338.54
2345,product_2345,beauty,172.04
2346,product_2346,grocery,88.02
2347,product_2347,toys,379.71
2348,product_2348,grocery,278.11
2349,product_2349,toys,416.92
2350,product_2350,electronics,419.33
2351,product_2351,beauty,401.39
2352,product_2352,apparel,308.26
2353,product_2353,grocery,224.12
2354,product_2354,grocery,27.47
2355,product_2355,grocery,320.87
2356,product_2356,beauty,478.68
2357,product_2357,sports,58.19
2358,product_2358,sports,349.58
2359,product_2359,grocery,220.42
2360,product_2360,apparel,157.91
2361,product_2361,books,479.86
2362,product_2362,sports,202.24
2363,product_2363,home,154.39
2364,product_2364,books,359.85
2365,product_2365,beauty,367.95
2366,product_2366,beauty,116.28
2367,product_2367,beauty,457.38
2368,product_2368,books,126.21
2369,product_2369,grocery,453.44
2370,product_2370,home,359.19
2371,product_2371,toys,321.53
2372,product_2372,grocery,294.58
2373,product_2373,grocery,166.88
2374,product_2374,beauty,99.12
2375,product_2375,beauty,471.64
2376,product_2376,apparel,227.96
2377,product_2377,apparel,356.84
2378,product_2378,apparel,486.49
2379,product_2379,books,183.1
2380,product_2380,beauty,75.65
2381,product_2381,grocery,443.3
2382,product_2382,apparel,303.99
2383,product_2383,sports,138.17
2384,product_2384,beauty,364.13
2385,product_2385,toys,321.82
2386,product_2386,grocery,301.63
2387,product_2387,apparel,465.74
2388,product_2388,home,101.8
2389,product_2389,beauty,497.46
2390,product_2390,grocery,38.24
2391,product_2391,electronics,294.57
2392,product_2392,beauty,269.82
2393,product_2393,electronics,211.01
2394,product_2394,books,411.75
2395,product_2395,grocery,473.26
2396,product_2396,grocery,273.86
2397,product_2397,toys,71.84
2398,product_2398,apparel,129.44
2399,product_2399,electronics,164.83
2400,product_2400,toys,401.12
2401,product_2401,grocery,322.31
2402,product_2402,electronics,290.91
2403,product_2403,toys,16.54
2404,product_2404,toys,289.97
2405,product_2405,sports,132.11
2406,product_2406,beauty,221.63
2407,product_2407,home,57.65
2408,product_2408,toys,257.6
2409,product_2409,electronics,197.77
2410,product_2410,sports,480.52
2411,product_2411,sports,274.97
2412,product_2412,sports,60.51
2413,product_2413,sports,15.46
2414,product_2414,electronics,226.37
2415,product_2415,beauty,488.82
2416,product_2416,beauty,327.05
2417,product_2417,home,265.25
2418,product_2418,grocery,38.03
2419,product_2419,beauty,443.84
2420,product_2420,sports,168.56
2421,product_2421,electronics,78.74
2422,product_2422,home,180.42
2423,product_2423,electronics,72.15
2424,product_2424,sports,8.08
2425,product_2425,toys,191.74
2426,product_2426,home,479.49
2427,product_2427,home,316.56
2428,product_2428,grocery,228.32
2429,product_2429,sports,191.66
2430,product_2430,electronics,92.67
2431,product_2431,grocery,246.63
2432,product_2432,grocery,446.4
2433,product_2433,grocery,41.78
2434,product_2434,toys,367.71
2435,product_2435,apparel,452.11
2436,product_2436,apparel,425.03
2437,product_2437,home,347.84
2438,product_2438,home,19.86
2439,product_2439,books,92.07
2440,product_2440,electronics,191.98
2441,product_2441,sports,168.82
2442,product_2442,beauty,275.2
2443,product_2443,grocery,461.96
2444,product_2444,apparel,285.18
2445,product_2445,apparel,336.78
2446,product_2446,books,101.59
2447,product_2447,apparel,80.67
2448,product_2448,electronics,304.76
2449,product_2449,apparel,379.0
2450,product_2450,toys,260.22
2451,product_2451,sports,441.5
2452,product_2452,sports,28.16
2453,product_2453,home,58.89
2454,product_2454,beauty,312.72
2455,product_2455,toys,107.74
2456,product_2456,apparel,319.53
2457,product_2457,toys,306.88
2458,product_2458,beauty,361.36
2459,product_2459,books,136.84
2460,product_2460,apparel,259.82
2461,product_2461,beauty,237.32
2462,product_2462,apparel,42.89
2463,product_2463,beauty,11.16
2464,product_2464,books,109.41
2465,product_2465,beauty,107.5
2466,product_2466,sports,44.25
2467,product_2467,apparel,349.51
2468,product_2468,grocery,321.0
2469,product_2469,apparel,99.52
2470,product_2470,grocery,491.06
2471,product_2471,electronics,41.88
2472,product_2472,sports,485.94
2473,product_2473,grocery,5.76
2474,product_2474,home,455.73
2475,product_2475,home,217.38
2476,product_2476,beauty,223.84
2477,product_2477,electronics,33.8
2478,product_2478,home,168.05
2479,product_2479,toys,233.05
2480,product_2480,toys,449.91
2481,product_2481,electronics,123.82
2482,product_2482,sports,350.55
2483,product_2483,electronics,287.08
2484,product_2484,apparel,85.43
2485,product_2485,grocery,415.52
2486,product_2486,sports,495.03
2487,product_2487,electronics,247.22
2488,product_2488,sports,286.27
2489,product_2489,grocery,136.08
2490,product_2490,grocery,62.02
2491,product_2491,apparel,139.46
2492,product_2492,home,15.85
2493,product_2493,grocery,413.59
2494,product_2494,electronics,15.65
2495,product_2495,toys,189.57
2496,product_2496,grocery,283.88
2497,product_2497,apparel,253.08
2498,product_2498,books,117.94
2499,product_2499,sports,219.48
2500,product_2500,books,307.05
2501,product_2501,apparel,211.52
2502,product_2502,apparel,180.2
2503,product_2503,electronics,475.33
2504,product_2504,beauty,13.43
2505,product_2505,home,411.61
2506,product_2506,grocery,479.14
2507,product_2507,toys,219.86
2508,product_2508,toys,411.77
2509,product_2509,beauty,293.41
2510,product_2510,books,435.52
2511,product_2511,beauty,351.88
2512,product_2512,books,438.35
2513,product_2513,apparel,274.68
2514,product_2514,books,406.43
2515,product_2515,electronics,48.3
2516,product_2516,books,144.42
2517,product_2517,toys,224.68
2518,product_2518,home,274.16
2519,product_2519,toys,21.89
2520,product_2520,electronics,343.05
2521,product_2521,beauty,405.38
2522,product_2522,toys,479.97
2523,product_2523,sports,358.15
2524,product_2524,grocery,421.64
2525,product_2525,grocery,395.39
2526,product_2526,grocery,251.28
2527,product_2527,grocery,225.44
2528,product_2528,books,371.2
2529,product_2529,grocery,216.54
2530,product_2530,grocery,451.36
2531,product_2531,apparel,47.56
2532,product_2532,home,364.72
2533,product_2533,toys,352.24
2534,product_2534,books,205.89
2535,product_2535,sports,62.68
2536,product_2536,electronics,11.54
2537,product_2537,apparel,9.99
2538,product_2538,beauty,368.97
2539,product_2539,home,380.01
2540,product_2540,electronics,171.41
2541,product_2541,grocery,446.32
2542,product_2542,books,248.2
2543,product_2543,books,144.2
2544,product_2544,books,358.88
2545,product_2545,sports,49.41
2546,product_2546,sports,27.16
2547,product_2547,grocery,134.39
2548,product_2548,home,419.59
2549,product_2549,sports,284.64
2550,product_2550,electronics,177.39
2551,product_2551,apparel,202.13
2552,product_2552,electronics,448.17
2553,product_2553,sports,232.67
2554,product_2554,electronics,377.32
2555,product_2555,apparel,318.25
2556,product_2556,sports,101.6
2557,product_2557,home,38.88
2558,product_2558,toys,457.07
2559,product_2559,sports,463.32
2560,product_2560,books,139.6
2561,product_2561,electronics,466.35
2562,product_2562,home,342.88
2563,product_2563,sports,255.09
2564,product_2564,sports,460.82
2565,product_2565,sports,142.6
2566,product_2566,sports,158.61
2567,product_2567,grocery,210.03
2568,product_2568,apparel,266.29
2569,product_2569,electronics,489.64
2570,product_2570,grocery,285.07
2571,product_2571,electronics,14.94
2572,product_2572,grocery,8.3
2573,product_2573,apparel,30.51
2574,product_2574,toys,166.43
2575,product_2575,grocery,197.7
2576,product_2576,beauty,224.35
2577,product_2577,sports,285.84
2578,product_2578,electronics,13.54
2579,product_2579,electronics,30.8
2580,product_2580,beauty,265.47
2581,product_2581,books,95.49
2582,product_2582,apparel,481.88
2583,product_2583,beauty,231.66
2584,product_2584,toys,379.83
2585,product_2585,apparel,483.24
2586,product_2586,toys,388.48
2587,product_2587,books,109.97
2588,product_2588,sports,372.19
2589,product_2589,sports,206.95
2590,product_2590,electronics,207.09
2591,product_2591,home,84.16
2592,product_2592,home,101.44
2593,product_2593,toys,352.95
2594,product_2594,grocery,258.3
2595,product_2595,apparel,8.15
2596,product_2596,electronics,291.25
2597,product_2597,books,298.6
2598,product_2598,electronics,367.64
2599,product_2599,grocery,292.47
2600,product_2600,electronics,207.66
2601,product_2601,toys,298.47
2602,product_2602,books,373.94
2603,product_2603,home,261.71
2604,product_2604,electronics,62.63
2605,product_2605,toys,167.11
2606,product_2606,beauty,177.64
2607,product_2607,apparel,98.48
2608,product_2608,sports,229.23
2609,product_2609,electronics,14.51
2610,product_2610,toys,243.07
2611,product_2611,home,117.88
2612,product_2612,toys,247.13
2613,product_2613,electronics,180.3
2614,product_2614,toys,10.86
2615,product_2615,home,40.87
2616,product_2616,electronics,68.81
2617,product_2617,books,395.1
2618,product_2618,home,126.48
2619,product_2619,beauty,335.87
2620,product_2620,grocery,418.09
2621,product_2621,books,28.87
2622,product_2622,books,328.23
2623,product_2623,beauty,284.37
2624,product_2624,beauty,288.3
2625,product_2625,home,255.41
2626,product_2626,sports,418.42
2627,product_2627,home,460.04
2628,product_2628,books,127.63
2629,product_2629,electronics,181.03
2630,product_2630,sports,53.63
2631,product_2631,apparel,254.6
2632,product_2632,toys,30.49
2633,product_2633,electronics,20.46
2634,product_2634,toys,30.52
2635,product_2635,electronics,298.62
2636,product_2636,beauty,425.16
2637,product_2637,books,227.14
2638,product_2638,beauty,117.69
2639,product_2639,home,151.16
2640,product_2640,beauty,318.91
2641,product_2641,electronics,344.58
2642,product_2642,apparel,403.47
2643,product_2643,electronics,365.76
2644,product_2644,apparel,49.95
2645,product_2645,toys,235.74
2646,product_2646,electronics,94.22
2647,product_2647,apparel,18.92
2648,product_2648,apparel,427.96
2649,product_2649,sports,342.11
2650,product_2650,beauty,483.19
2651,product_2651,books,440.24
2652,product_2652,sports,164.28
2653,product_2653,sports,124.49
2654,product_2654,books,57.64
2655,product_2655,books,41.73
2656,product_2656,electronics,232.54
2657,product_2657,books,476.56
2658,product_2658,sports,284.0
2659,product_2659,electronics,475.9
2660,product_2660,electronics,374.46
2661,product_2661,electronics,248.49
2662,product_2662,apparel,303.48
2663,product_2663,home,490.94
2664,product_2664,beauty,326.18
2665,product_2665,beauty,48.24
2666,product_2666,grocery,483.54
2667,product_2667,sports,137.39
2668,product_2668,apparel,479.76
2669,product_2669,toys,400.63
2670,product_2670,grocery,114.05
2671,product_2671,grocery,153.57
2672,product_2672,grocery,211.59
2673,product_2673,beauty,455.44
2674,product_2674,books,454.77
2675,product_2675,sports,247.73
2676,product_2676,sports,58.17
2677,product_2677,home,214.12
2678,product_2678,toys,355.13
2679,product_2679,grocery,432.11
2680,product_2680,toys,218.8
2681,product_2681,electronics,334.85
2682,product_2682,sports,268.26
2683,product_2683,electronics,490.97
2684,product_2684,beauty,158.3
2685,product_2685,electronics,271.89
2686,product_2686,home,229.47
2687,product_2687,sports,246.09
2688,product_2688,books,253.1
2689,product_2689,electronics,84.37
2690,product_2690,sports,81.19
2691,product_2691,home,224.34
2692,product_2692,electronics,27.73
2693,product_2693,electronics,354.67
2694,product_2694,apparel,16.62
2695,product_2695,books,312.12
2696,product_2696,books,5.25
2697,product_2697,sports,43.64
2698,product_2698,electronics,72.6
2699,product_2699,electronics,321.31
2700,product_2700,books,158.08
2701,product_2701,sports,373.03
2702,product_2702,beauty,444.02
2703,product_2703,books,231.73
2704,product_2704,grocery,186.07
2705,product_2705,toys,339.12
2706,product_2706,beauty,62.85
2707,product_2707,apparel,415.49
2708,product_2708,sports,210.18
2709,product_2709,apparel,265.47
2710,product_2710,electronics,160.99
2711,product_2711,apparel,349.99
2712,product_2712,toys,309.42
2713,product_2713,electronics,257.01
2714,product_2714,grocery,494.5
2715,product_2715,books,147.75
2716,product_2716,home,15.78
2717,product_2717,books,126.1
2718,product_2718,grocery,132.95
2719,product_2719,electronics,406.57
2720,product_2720,books,203.1
2721,product_2721,beauty,239.1
2722,product_2722,books,413.48
2723,product_2723,home,354.21
2724,product_2724,sports,368.32
2725,product_2725,electronics,146.18
2726,product_2726,toys,8.6
2727,product_2727,apparel,219.92
2728,product_2728,toys,118.93
2729,product_2729,home,183.82
2730,product_2730,beauty,132.18
2731,product_2731,sports,415.76
2732,product_2732,home,46.8
2733,product_2733,sports,43.18
2734,product_2734,electronics,257.95
2735,product_2735,books,117.56
2736,product_2736,toys,415.58
2737,product_2737,apparel,454.31
2738,product_2738,home,244.99
2739,product_2739,apparel,171.87
2740,product_2740,electronics,302.44
2741,product_2741,home,455.45
2742,product_2742,beauty,154.84
2743,product_2743,beauty,374.36
2744,product_2744,apparel,54.04
2745,product_2745,beauty,282.22
2746,product_2746,grocery,420.76
2747,product_2747,sports,43.4
2748,product_2748,home,319.43
2749,product_2749,books,230.86
2750,product_2750,books,157.35
2751,product_2751,electronics,267.02
2752,product_2752,books,241.79
2753,product_2753,books,203.78
2754,product_2754,home,464.83
2755,product_2755,toys,347.5
2756,product_2756,books,12.2
2757,product_2757,toys,419.02
2758,product_2758,home,123.2
2759,product_2759,sports,175.77
2760,product_2760,apparel,481.46
2761,product_2761,books,492.5
2762,product_2762,books,54.76
2763,product_2763,toys,438.94
2764,product_2764,grocery,122.13
2765,product_2765,books,465.3
2766,product_2766,beauty,83.07
2767,product_2767,books,455.89
2768,product_2768,sports,215.99
2769,product_2769,electronics,273.98
2770,product_2770,grocery,328.84
2771,product_2771,books,422.54
2772,product_2772,books,313.49
2773,product_2773,electronics,267.23
2774,product_2774,electronics,283.48
2775,product_2775,sports,46.2
2776,product_2776,home,413.24
2777,product_2777,home,393.18
2778,product_2778,apparel,159.59
2779,product_2779,books,85.33
2780,product_2780,electronics,379.49
2781,product_2781,apparel,497.03
2782,product_2782,toys,273.87
2783,product_2783,apparel,220.67
2784,product_2784,grocery,119.64
2785,product_2785,grocery,153.16
2786,product_2786,electronics,367.58
2787,product_2787,electronics,190.66
2788,product_2788,sports,495.01
2789,product_2789,sports,289.47
2790,product_2790,grocery,455.56
2791,product_2791,sports,351.85
2792,product_2792,electronics,222.86
2793,product_2793,electronics,57.75
2794,product_2794,books,345.62
2795,product_2795,sports,465.9
2796,product_2796,electronics,240.68
2797,product_2797,toys,169.03
2798,product_2798,apparel,104.59
2799,product_2799,books,397.05
